Range,Category,Product Name,Form,Composition,Packing
Pharmaceutical Formulations,Anti-Infectives,Aceclofenac 100mg,Tablet,Aceclofenac Tablets BP 100mg,10×10 Alu-Alu
Pharmaceutical Formulations,Anti-Infectives,Cefixime 400mg,Capsule,Cefixime Capsules USP 400mg,10×10 Alu-Alu
Pharmaceutical Formulations,Anti-Infectives,Cefixime 100mg/5ml Suspension,Suspension,Cefixime Oral Suspension USP 100mg/5ml,10×10 Alu-Alu
Pharmaceutical Formulations,Anti-Infectives,Cefixime 200mg,Tablet,Cefixime Dispersible Tablets USP 200mg,10×10 Alu-Alu
Pharmaceutical Formulations,Anti-Infectives,Cefpodoxime 50mg/5ml Suspension,Suspension,Cefpodoxime Oral Suspension USP 50mg/5ml,10×10 Alu-Alu
Pharmaceutical Formulations,Anti-Infectives,Cefpodoxime 200mg,Tablet,Cefpodoxime Proxetil Dispersible Tablets USP 200mg,10×10 Alu-Alu
Pharmaceutical Formulations,Anti-Infectives,Cefpodoxime 100mg,Tablet,Cefpodoxime Proxetil Dispersible Tablets USP 100mg,10×10 Alu-Alu
Pharmaceutical Formulations,Anti-Infectives,Cefuroxime 250/500mg,Tablet,Cefuroxime Axetil Tablets USP 250mg/500mg,10×10 Alu-Alu
Pharmaceutical Formulations,Anti-Infectives,Cefuroxime Suspension,Suspension,Cefuroxime Axetil Oral Suspension USP,10×10 Alu-Alu
Pharmaceutical Formulations,Anti-Infectives,Cephalexin 500mg,Capsule,Cephalexin Capsules BP 500mg,10×10 Alu-Alu
Pharmaceutical Formulations,Anti-Infectives,Azithromycin 250/500mg,Tablet,Azithromycin Tablets USP 250mg/500mg,10×10 Alu-Alu
Pharmaceutical Formulations,Anti-Infectives,Azithromycin 100mg/5ml Suspension,Suspension,Azithromycin Oral Suspension USP 100mg/5ml,10×10 Alu-Alu
Pharmaceutical Formulations,Anti-Infectives,Azithromycin 200mg/5ml Suspension,Suspension,Azithromycin Oral Suspension USP 200mg/5ml,10×10 Alu-Alu
Pharmaceutical Formulations,Anti-Infectives,Clarithromycin 250mg,Tablet,Clarithromycin Tablets USP 250mg,10×10 Alu-Alu
Pharmaceutical Formulations,Anti-Infectives,Clarithromycin 500mg,Tablet,Clarithromycin Tablets USP 500mg,10×10 Alu-Alu
Pharmaceutical Formulations,Anti-Infectives,Clarithromycin Suspension,Suspension,Clarithromycin Oral Suspension USP,10×10 Alu-Alu
Pharmaceutical Formulations,Anti-Infectives,Ciprofloxacin 500mg,Tablet,Ciprofloxacin HCl Tablets USP 500mg,10×10 Alu-Alu/Blister
Pharmaceutical Formulations,Anti-Infectives,Ciprofloxacin 250mg/5ml Syrup,Syrup,Ciprofloxacin Syrup BP 250mg/5ml,10×10 Alu-Alu
Pharmaceutical Formulations,Anti-Infectives,Ciprofloxacin 251mg/5ml Suspension,Suspension,Ciprofloxacin Oral Suspension BP 251mg/5ml,10×10 Alu-Alu
Pharmaceutical Formulations,Anti-Infectives,Levofloxacin 250mg,Tablet,Levofloxacin Tablets USP 250mg,10×10 Alu-Alu
Pharmaceutical Formulations,Anti-Infectives,Levofloxacin 500mg,Tablet,Levofloxacin Tablets USP 500mg,10×10 Alu-Alu
Pharmaceutical Formulations,Anti-Infectives,Levofloxacin 750mg,Tablet,Levofloxacin Tablets USP 750mg,10×10 Alu-Alu
Pharmaceutical Formulations,Anti-Infectives,Moxifloxacin 400mg,Capsule,Moxifloxacin HCl Capsules BP 400mg,10×10 Alu-Alu
Pharmaceutical Formulations,Anti-Infectives,Ofloxacin 200mg,Tablet,Ofloxacin Tablets USP 200mg,10×10 Alu-Alu
Pharmaceutical Formulations,Anti-Infectives,Ofloxacin 200mg + Ornidazole 500mg,Tablet,Ofloxacin BP 200mg & Ornidazole 500mg Tablets,10×10 Alu-Alu
Pharmaceutical Formulations,Anti-Infectives,Cefixime 100mg + Ofloxacin 100mg,Tablet,Cefixime BP 100mg & Ofloxacin BP 100mg Dispersible Tablets,10×10 Alu-Alu
Pharmaceutical Formulations,Anti-Infectives,Ciprofloxacin 250mg + Tinidazole 300mg,Tablet,Ciprofloxacin HCl USP 250mg & Tinidazole USP 300mg Tablets,10×10 Alu-Alu
Pharmaceutical Formulations,Anti-Infectives,Norfloxacin + Metronidazole Suspension,Suspension,Norfloxacin 100mg BP & Metronidazole BP 100mg/5ml,10×10 Alu-Alu
Pharmaceutical Formulations,Anti-Infectives,Faropenem 150mg,Tablet,Faropenem Sodium Tablets 150mg,10×10 Alu-Alu
Pharmaceutical Formulations,Anti-Infectives,Faropenem 200mg,Tablet,Faropenem Sodium Tablets 200mg,10×10 Alu-Alu
Pharmaceutical Formulations,Anti-Infectives,Doxycycline 100/200mg,Tablet,Doxycycline Hyclate Tablets USP 100mg/200mg,10×10 Alu-Alu
Pharmaceutical Formulations,Anti-Infectives,Trimethoprim + Sulfamethoxazole Susp.,Suspension,Trimethoprim USP 40mg & Sulfamethoxazole USP 200mg/5ml,10×10 Alu-Alu
Pharmaceutical Formulations,Anti-Infectives,Sulphadiazine + Trimethoprim,Tablet,Sulphadiazine USP 400mg & Trimethoprim USP 80mg Tablets,10×10 Alu-Alu
Pharmaceutical Formulations,Anti-Infectives,Clindamycin 150/300mg,Capsule,Clindamycin Capsules USP 150mg/300mg,10×10 Alu-Alu
Pharmaceutical Formulations,Anti-Infectives,Linezolid 600mg,Tablet,Linezolid Tablets USP 600mg,10×10 Alu-Alu
Pharmaceutical Formulations,Anti-Infectives,Rifaximin 200mg,Tablet,Rifaximin Tablets 200mg,10×10 Alu-Alu
Pharmaceutical Formulations,Anti-Infectives,Rifaximin 400mg,Tablet,Rifaximin Tablets 400mg,10×10 Alu-Alu
Pharmaceutical Formulations,Anti-Infectives,Rifaximin 550mg,Tablet,Rifaximin Tablets 550mg,10×10 Alu-Alu
Pharmaceutical Formulations,Anti-Infectives,Minocycline ER 45mg,Tablet,Minocycline HCl ER Tablets USP 45mg,10×10 Alu-Alu
Pharmaceutical Formulations,Anti-Infectives,Minocycline ER 65mg,Tablet,Minocycline HCl ER Tablets USP 65mg,10×10 Alu-Alu
Pharmaceutical Formulations,Anti-Infectives,Minocycline 100mg,Tablet,Minocycline HCl Tablets USP 100mg,10×10 Alu-Alu
Pharmaceutical Formulations,Anti-Infectives,Fluconazole 150mg,Tablet,Fluconazole Tablets USP 150mg,10×10 Alu-Alu
Pharmaceutical Formulations,Anti-Infectives,Fluconazole 200mg,Tablet,Fluconazole Tablets USP 200mg,10×10 Alu-Alu
Pharmaceutical Formulations,Anti-Infectives,Ketoconazole 200mg,Tablet,Ketoconazole Tablets USP 200mg,10×10 Alu-Alu
Pharmaceutical Formulations,Anti-Infectives,Ketoconazole 30mg,Tablet,Ketoconazole Tablets USP 30mg,10×10 Alu-Alu
Pharmaceutical Formulations,Anti-Infectives,Terbinafine 250mg,Tablet,Terbinafine HCl Tablets USP 250mg,10×7 Blister
Pharmaceutical Formulations,Anti-Infectives,Terbinafine 500mg,Tablet,Terbinafine HCl Tablets USP 500mg,10×7 Blister
Pharmaceutical Formulations,Anti-Infectives,Itraconazole 100mg,Capsule,Itraconazole Capsules BP 100mg,10×10 Alu-Alu
Pharmaceutical Formulations,Anti-Infectives,Itraconazole 200mg,Capsule,Itraconazole Capsules BP 200mg,10×10 Alu-Alu
Pharmaceutical Formulations,Anti-Infectives,Griseofulvin 500mg,Tablet,Griseofulvin Tablets BP 500mg,10×10 Alu-Alu
Pharmaceutical Formulations,Anti-Infectives,Ketoconazole 2% Shampoo,Liquid,Ketoconazole BP Shampoo 2% w/v,60ml
Pharmaceutical Formulations,Anti-Infectives,Ketoconazole 2% Cream,Cream,Ketoconazole Cream BP 2% w/v,10g/20g/30g
Pharmaceutical Formulations,Anti-Infectives,Clotrimazole 1% Cream,Cream,Clotrimazole Cream BP 1% w/w,10g/20g/30g
Pharmaceutical Formulations,Anti-Infectives,Itraconazole 2% Cream,Cream,Itraconazole Cream BP 2% w/w,10g/20g/30g
Pharmaceutical Formulations,Anti-Infectives,Mometasone + Terbinafine Cream,Cream,Mometasone Furoate BP 0.1% & Terbinafine HCl BP 1%,10g/20g/30g
Pharmaceutical Formulations,Anti-Infectives,Clotrimazole + Beclometasone + Neomycin Cream,Cream,"Clotrimazole BP 1%, Beclometasone DP BP 0.05% & Neomycin Sulfate BP 0.5%",10g/20g/30g
Pharmaceutical Formulations,Anti-Infectives,Ciclopirox Olamine Cream,Cream,Ciclopirox Olamine Cream USP,10g/20g/30g
Pharmaceutical Formulations,Anti-Infectives,Aciclovir 200/400/800mg,Tablet,Aciclovir Tablets BP 200mg/400mg/800mg,10×10 Alu-Alu
Pharmaceutical Formulations,Anti-Infectives,Oseltamivir 30mg,Capsule,Oseltamivir Phosphate Capsules USP 30mg,10×10 Alu-Alu
Pharmaceutical Formulations,Anti-Infectives,Ribavirin 200mg,Capsule,Ribavirin Capsules USP 200mg,10×10 Alu-Alu
Pharmaceutical Formulations,Anti-Infectives,Sofosbuvir 400mg + Velpatasvir 100mg,Tablet,Sofosbuvir 400mg & Velpatasvir 100mg Tablets,10×10 Alu-Alu
Pharmaceutical Formulations,Anti-Infectives,Atazanavir 300mg + Ritonavir 100mg,Tablet,Atazanavir BP 300mg & Ritonavir BP 100mg Tablets,10×10 Alu-Alu
Pharmaceutical Formulations,Anti-Infectives,Dolutegravir 50mg,Tablet,Dolutegravir Tablets 50mg,10×10 Alu-Alu
Pharmaceutical Formulations,Anti-Infectives,Dolutegravir + Lamivudine + Tenofovir,Tablet,Dolutegravir 50mg + Lamivudine 300mg + Tenofovir DF 245mg,10×10 Alu-Alu
Pharmaceutical Formulations,Anti-Infectives,Efavirenz 600mg,Tablet,Efavirenz Tablets 600mg,10×10 Alu-Alu
Pharmaceutical Formulations,Anti-Infectives,Efavirenz + Emtricitabine + Tenofovir,Tablet,Efavirenz + Emtricitabine + Tenofovir DF Triple Combo,10×10 Alu-Alu
Pharmaceutical Formulations,Anti-Infectives,Tenofovir 300mg + Emtricitabine 200mg,Tablet,Tenofovir DF USP 300mg & Emtricitabine 200mg,10×10 Alu-Alu
Pharmaceutical Formulations,Anti-Infectives,Emtricitabine 200mg + Tenofovir AF 25mg,Tablet,Emtricitabine USP 200mg & Tenofovir Alafenamide 25mg,10×10 Alu-Alu
Pharmaceutical Formulations,Anti-Infectives,Zidovudine 300mg + Lamivudine 150mg,Tablet,Zidovudine BP 300mg & Lamivudine BP 150mg,10×10 Alu-Alu
Pharmaceutical Formulations,Anti-Infectives,Lamivudine 150mg,Tablet,Lamivudine Tablets BP 150mg,10×10 Alu-Alu
Pharmaceutical Formulations,Anti-Infectives,Raltegravir 400mg,Tablet,Raltegravir Tablets 400mg,10×10 Alu-Alu
Pharmaceutical Formulations,Anti-Infectives,Raltegravir 100mg Chewable,Tablet,Raltegravir Chewable Tablets BP 100mg,10×10 Alu-Alu
Pharmaceutical Formulations,Anti-Infectives,Hydroxychloroquine 200/400mg,Tablet,Hydroxychloroquine Sulfate Tablets BP 200mg/400mg,10×10 Alu-Alu
Pharmaceutical Formulations,Anti-Infectives,Quinine Sulphate 300/500mg,Tablet,Quinine Sulphate Tablets BP 300mg/500mg,10×10 Alu-Alu
Pharmaceutical Formulations,Anti-Infectives,Artemether 20mg + Lumefantrine 120mg,Tablet,Artemether 20mg & Lumefantrine 120mg,10×10 Alu-Alu
Pharmaceutical Formulations,Anti-Infectives,Artemether 40mg + Lumefantrine 240mg,Tablet,Artemether 40mg & Lumefantrine 240mg,10×10 Alu-Alu
Pharmaceutical Formulations,Anti-Infectives,Artemether 80mg + Lumefantrine 480mg,Tablet,Artemether 80mg & Lumefantrine 480mg,10×10 Alu-Alu
Pharmaceutical Formulations,Anti-Infectives,Artemether + Lumefantrine 20/120 Dry Syrup,Dry Syrup,Artemether 20mg & Lumefantrine 120mg/5ml,10×10 Alu-Alu
Pharmaceutical Formulations,Anti-Infectives,Artemether + Lumefantrine 40/240 Dry Syrup,Dry Syrup,Artemether 40mg & Lumefantrine 240mg/5ml,10×10 Alu-Alu
Pharmaceutical Formulations,Anti-Infectives,Mefloquine HCl 250mg,Tablet,Mefloquine HCl Tablets USP 250mg,10×10 Alu-Alu
Pharmaceutical Formulations,Anti-Infectives,Primaquine Phosphate 15mg,Tablet,Primaquine Phosphate Tablets USP 15mg,10×10 Alu-Alu
Pharmaceutical Formulations,Anti-Infectives,Albendazole 400mg,Tablet,Albendazole BP 400mg,10×10 Alu-Alu
Pharmaceutical Formulations,Anti-Infectives,Albendazole 400mg Chewable,Tablet,Albendazole Chewable Tablets USP 400mg,10×10 Alu-Alu
Pharmaceutical Formulations,Anti-Infectives,Albendazole 200mg/5ml Suspension,Suspension,Albendazole Oral Suspension USP 200mg/5ml,10×10 Alu-Alu
Pharmaceutical Formulations,Anti-Infectives,Albendazole 400mg + Ivermectin 6mg,Tablet,Albendazole BP 400mg & Ivermectin BP 6mg,10×10 Alu-Alu
Pharmaceutical Formulations,Anti-Infectives,Mebendazole 100mg,Tablet,Mebendazole Tablets USP 100mg,10×10 Alu-Alu
Pharmaceutical Formulations,Anti-Infectives,Mebendazole 500mg,Tablet,Mebendazole Tablets USP 500mg,10×10 Alu-Alu
Pharmaceutical Formulations,Anti-Infectives,Ethambutol 400mg,Tablet,Ethambutol Tablets BP 400mg,10×10 Alu-Alu
Pharmaceutical Formulations,Anti-Infectives,Isoniazid 100mg,Tablet,Isoniazid Tablets BP 100mg,10×10 Alu-Alu
Pharmaceutical Formulations,Anti-Infectives,Isoniazid 300mg,Tablet,Isoniazid Tablets BP 300mg,10×10 Blister
Pharmaceutical Formulations,Anti-Infectives,Rifampin 150/300mg,Capsule,Rifampin Capsules USP 150mg/300mg,10×10 Alu-Alu
Pharmaceutical Formulations,Anti-Infectives,Rifampicin + INH + Pyrazinamide + Ethambutol,Tablet,"Rifampicin 150mg, Isoniazid 75mg, Pyrazinamide 400mg, Ethambutol HCl 275mg",10×10 Alu-Alu
Pharmaceutical Formulations,Anti-Infectives,Pyrazinamide 500mg,Tablet,Pyrazinamide Tablets BP 500mg,10×10 Alu-Alu
Pharmaceutical Formulations,Anti-Infectives,Pyridoxine 40mg (Anti-TB),Tablet,Pyridoxine Tablets BP 40mg,10×10 Alu-Alu
Pharmaceutical Formulations,Anti-Infectives,Azathioprine 50mg,Tablet,Azathioprine Tablets BP 50mg,10×10 Alu-Alu
Pharmaceutical Formulations,Anti-Infectives,Tacrolimus 0.1% Ointment,Ointment,Tacrolimus Ointment 0.1% w/w,10g/20g/30g
Pharmaceutical Formulations,Gastrointestinal,Esomeprazole 40mg,Tablet,Esomeprazole Gastro-Resistant Tablets BP 40mg,10×10 Alu-Alu
Pharmaceutical Formulations,Gastrointestinal,Esomeprazole 40mg,Capsule,Esomeprazole Capsules BP 40mg,10×10 Alu-Alu
Pharmaceutical Formulations,Gastrointestinal,Pantoprazole 20mg,Tablet,Pantoprazole Sodium Tablets BP 20mg,10×10 Alu-Alu
Pharmaceutical Formulations,Gastrointestinal,Omeprazole 20mg,Capsule,Omeprazole Gastro-Resistant Capsules BP 20mg,10×10 Alu-Alu
Pharmaceutical Formulations,Gastrointestinal,Esomeprazole 20mg,Tablet,Esomeprazole Gastro-Resistant Tablets BP 20mg,10×10 Alu-Alu
Pharmaceutical Formulations,Gastrointestinal,Esomeprazole 40mg + Domperidone 30mg SR,Capsule,Esomeprazole Mg BP 40mg & Domperidone BP 30mg SR,10×10 Alu-Alu
Pharmaceutical Formulations,Gastrointestinal,Omeprazole 20mg + Domperidone 10mg,Capsule,Omeprazole BP 20mg & Domperidone BP 10mg,10×10 Alu-Alu
Pharmaceutical Formulations,Gastrointestinal,Pantoprazole 20mg + Cinitapride 1mg,Capsule,Pantoprazole USP 20mg & Cinitapride H 1mg,10×10 Alu-Alu
Pharmaceutical Formulations,Gastrointestinal,Pantoprazole 40mg + Domperidone 30mg,Capsule,Pantoprazole GR BP 40mg & Domperidone PR BP 30mg,10×10 Alu-Alu
Pharmaceutical Formulations,Gastrointestinal,Ondansetron 4mg + Omeprazole 10mg,Tablet,Ondansetron HCl USP 4mg & Omeprazole Mg BP 10mg,10×10 Alu-Alu
Pharmaceutical Formulations,Gastrointestinal,Cisapride 5mg,Tablet,Cisapride Tablets 5mg,10×10 Alu-Alu
Pharmaceutical Formulations,Gastrointestinal,Fosfomycin Trometamol 8gm,Sachet,Fosfomycin Trometamol Sachets 8gm,8gm
Pharmaceutical Formulations,Gastrointestinal,Lansoprazole 30mg,Capsule,Lansoprazole GR Capsules BP 30mg,10×10 Alu-Alu
Pharmaceutical Formulations,Gastrointestinal,Metoclopramide 10mg,Tablet,Metoclopramide Tablets BP 10mg,10×10 Alu-Alu
Pharmaceutical Formulations,Gastrointestinal,Bisacodyl 5mg,Tablet,Bisacodyl GR Tablets BP 5mg,10×10 Alu-Alu
Pharmaceutical Formulations,Gastrointestinal,Mebeverine 135mg,Tablet,Mebeverine Tablets BP 135mg,10×10 Alu-Alu
Pharmaceutical Formulations,Gastrointestinal,Omeprazole 20mg (×2),Capsule,Omeprazole GR Capsules 20mg (×2),10×10 Alu-Alu
Pharmaceutical Formulations,Gastrointestinal,Pantoprazole 40mg,Tablet,Pantoprazole Sodium Tablets BP 40mg,10×10 Alu-Alu
Pharmaceutical Formulations,Gastrointestinal,Sucralfate + Oxetacaine Susp.,Suspension,Sucralfate USP 1000mg & Oxetacaine 20mg/10ml,10×10 Alu-Alu
Pharmaceutical Formulations,Gastrointestinal,Sodium Bicarbonate 500mg,Tablet,Sodium Bicarbonate Tablets USP 500mg,10×10 Alu-Alu
Pharmaceutical Formulations,Gastrointestinal,Simethicone 40mg,Tablet,Simethicone Tablets USP 40mg,10×10 Alu-Alu
Pharmaceutical Formulations,Gastrointestinal,Dimenhydrinate 50mg,Tablet,Dimenhydrinate Tablets BP 50mg,10×10 Blister
Pharmaceutical Formulations,Gastrointestinal,Promethazine 5mg/5ml,Solution,Promethazine Oral Solution USP 5mg/5ml,10×10 Alu-Alu
Pharmaceutical Formulations,Gastrointestinal,Ondansetron 8mg,Tablet,Ondansetron Tablets BP 8mg,10×10 Alu-Alu
Pharmaceutical Formulations,Gastrointestinal,Ondansetron Oral Solution,Solution,Ondansetron HCl Oral Solution USP,10×10 Alu-Alu
Pharmaceutical Formulations,Gastrointestinal,Omeprazole 20mg + Domperidone 10mg,Capsule,Omeprazole BP 20mg & Domperidone BP 10mg,10×10 Alu-Alu
Pharmaceutical Formulations,Gastrointestinal,Pantoprazole 40mg + Domperidone 30mg,Capsule,Pantoprazole BP 40mg & Domperidone BP 30mg,10×10 Alu-Alu
Pharmaceutical Formulations,Gastrointestinal,Antacid + Domperidone Susp.,Suspension,"Al(OH)3 215mg, Mg(OH)2 80mg, Simethicone 25mg & Domperidone 5mg/5ml",10×10 Alu-Alu
Pharmaceutical Formulations,Gastrointestinal,Antacid Suspension,Suspension,"Dimethicone 250mg, Al(OH)3 250mg & Mg(OH)2 50mg",10×10 Alu-Alu
Pharmaceutical Formulations,Gastrointestinal,Dicyclomine + Paracetamol + Simethicone Drops,Drops,"Dicyclomine 10mg, Paracetamol 125mg & Simethicone 40mg/5ml",10×10 Alu-Alu
Pharmaceutical Formulations,Gastrointestinal,Simeticone 80mg Chewable,Tablet,Simeticone Chewable Tablets BP 80mg,10×10 Alu-Alu
Pharmaceutical Formulations,Pain & Inflammation,Aceclofenac 100mg,Tablet,Aceclofenac Tablets BP 100mg,10×10 Alu-Alu/Blister
Pharmaceutical Formulations,Pain & Inflammation,Diclofenac Sodium 50mg,Tablet,Diclofenac Sodium Tablets BP 50mg,10×10 Alu-Alu
Pharmaceutical Formulations,Pain & Inflammation,Diclofenac Potassium 50mg,Tablet,Diclofenac Potassium Tablets USP 50mg,10×10 Alu-Alu
Pharmaceutical Formulations,Pain & Inflammation,Diclofenac K Oral Solution,Liquid,Diclofenac Potassium for Oral Solution,10×10 Alu-Alu
Pharmaceutical Formulations,Pain & Inflammation,Etoricoxib 90mg,Tablet,Etoricoxib Tablets 90mg,10×10 Alu-Alu/Blister
Pharmaceutical Formulations,Pain & Inflammation,Etoricoxib 120mg,Tablet,Etoricoxib Tablets 120mg,10×10 Alu-Alu
Pharmaceutical Formulations,Pain & Inflammation,Ketorolac 20mg Dispersible,Tablet,Ketorolac Dispersible Tablets BP 20mg,10×10 Alu-Alu
Pharmaceutical Formulations,Pain & Inflammation,Ketorolac Tromethamine 20mg,Tablet,Ketorolac Tromethamine Dispersible Tablets BP 20mg,10×10 Alu-Alu
Pharmaceutical Formulations,Pain & Inflammation,Nimesulide 100mg,Tablet,Nimesulide Tablets BP 100mg,10×10 Alu-Alu
Pharmaceutical Formulations,Pain & Inflammation,Nimesulide 100mg Mouth Dissolving,Tablet,Nimesulide MD Tablets BP 100mg,10×10 Alu-Alu/Blister
Pharmaceutical Formulations,Pain & Inflammation,Mefenamic Acid 250mg,Tablet,Mefenamic Acid Tablets BP 250mg,10×10 Alu-Alu
Pharmaceutical Formulations,Pain & Inflammation,Ibuprofen 600/800mg,Tablet,Ibuprofen Tablets USP 600mg/800mg,10×10 Alu-Alu
Pharmaceutical Formulations,Pain & Inflammation,Naproxen 500mg,Tablet,Naproxen Tablets BP 500mg,10×10 Alu-Alu
Pharmaceutical Formulations,Pain & Inflammation,Celecoxib 200mg,Capsule,Celecoxib USP 200mg Capsules,10×10 Alu-Alu
Pharmaceutical Formulations,Pain & Inflammation,Dexketoprofen 12.5/25mg,Tablet,Dexketoprofen Tablets USP 12.5mg/25mg,10×10 Alu-Alu
Pharmaceutical Formulations,Pain & Inflammation,Aceclofenac + Thiocolchicoside,Tablet,Aceclofenac BP 100mg & Thiocolchicoside BP 4mg,10×10 Alu-Alu
Pharmaceutical Formulations,Pain & Inflammation,Aceclofenac + Paracetamol,Tablet,Aceclofenac BP 100mg & Paracetamol BP 325mg,10×10 Alu-Alu
Pharmaceutical Formulations,Pain & Inflammation,Diclofenac K + Paracetamol,Tablet,Diclofenac K BP 50mg & Paracetamol BP 325mg,10×10 Alu-Alu
Pharmaceutical Formulations,Pain & Inflammation,Nimesulide + Paracetamol,Tablet,Nimesulide BP 100mg & Paracetamol BP 325mg,10×10 Alu-Alu
Pharmaceutical Formulations,Pain & Inflammation,Drotaverine + Mefenamic Acid,Tablet,Drotaverine HCl 80mg & Mefenamic Acid BP 250mg,10×10 Blister
Pharmaceutical Formulations,Pain & Inflammation,Dicyclomine + Mefenamic Acid,Tablet,Dicyclomine HCl BP 20mg & Mefenamic Acid BP 250mg,10×10 Blister
Pharmaceutical Formulations,Pain & Inflammation,Tranexamic Acid + Mefenamic Acid,Tablet,Tranexamic Acid BP 500mg & Mefenamic Acid BP 250mg,10×10 Alu-Alu
Pharmaceutical Formulations,Pain & Inflammation,Paracetamol + Caffeine,Tablet,Paracetamol BP 500mg & Caffeine BP 60mg,10×10 Alu-Alu
Pharmaceutical Formulations,Pain & Inflammation,Paracetamol 500/650mg,Tablet,Paracetamol Tablets BP 500mg/650mg,10×10 Alu-Alu
Pharmaceutical Formulations,Pain & Inflammation,Diclofenac K + Metaxalone,Tablet,Diclofenac Potassium & Metaxalone Tablets,10×10 Alu-Alu
Pharmaceutical Formulations,Pain & Inflammation,Lornoxicam + Paracetamol,Tablet,Lornoxicam & Paracetamol Tablets,10×10 Alu-Alu
Pharmaceutical Formulations,Pain & Inflammation,Paracetamol 125mg/5ml Suspension,Suspension,Paracetamol Oral Suspension BP 125mg/5ml,10×10 Alu-Alu
Pharmaceutical Formulations,Pain & Inflammation,Mefenamic Acid + Paracetamol Susp.,Suspension,Mefenamic Acid BP 50mg & Paracetamol BP 125mg/5ml,10×10 Alu-Alu
Pharmaceutical Formulations,Pain & Inflammation,Ibuprofen + Paracetamol Suspension,Suspension,Ibuprofen BP 100mg & Paracetamol BP 125mg/5ml,10×10 Alu-Alu
Pharmaceutical Formulations,Pain & Inflammation,Diclofenac Diethylamine Gel,Gel,"Diclofenac Diethylamine BP 1.16%, Linseed Oil 3%, Methyl Salicylate 5% & Menthol",10g/20g/30g
Pharmaceutical Formulations,Pain & Inflammation,Diclofenac Sodium Gel,Gel,"Diclofenac Sodium BP 1.16%, Methyl Salicylate BP 10%, Linseed Oil 3% & Menthol",10g/20g/30g
Pharmaceutical Formulations,Pain & Inflammation,Thiocolchicoside 4mg,Tablet,Thiocolchicoside BP 4mg Tablets,10×10 Alu-Alu
Pharmaceutical Formulations,Pain & Inflammation,Tolperisone 150/450mg,Tablet,Tolperisone HCl Tablet 150mg/450mg,10×10 Alu-Alu
Pharmaceutical Formulations,Pain & Inflammation,Allopurinol 100mg,Tablet,Allopurinol Tablets BP 100mg,10×10 Alu-Alu
Pharmaceutical Formulations,Pain & Inflammation,Febuxostat 40mg,Tablet,Febuxostat Tablets 40mg,10×10 Alu-Alu
Pharmaceutical Formulations,Pain & Inflammation,Febuxostat 80mg,Tablet,Febuxostat Tablets 80mg,10×10 Alu-Alu
Pharmaceutical Formulations,Cardiovascular,Amlodipine 5/10mg,Tablet,Amlodipine Besylate Tablets USP 5mg/10mg,10×10 Alu-Alu
Pharmaceutical Formulations,Cardiovascular,Atenolol 50/100mg,Tablet,Atenolol Tablets USP 50mg/100mg,10×10 Alu-Alu
Pharmaceutical Formulations,Cardiovascular,Bisoprolol Fumarate,Tablet,Bisoprolol Fumarate Tablets USP/BP,10×10 Alu-Alu
Pharmaceutical Formulations,Cardiovascular,Carvedilol 3.125/6.25mg,Tablet,Carvedilol Tablets BP 3.125mg/6.25mg,10×10 Alu-Alu
Pharmaceutical Formulations,Cardiovascular,Carvedilol,Tablet,Carvedilol Tablets USP,10×10 Alu-Alu
Pharmaceutical Formulations,Cardiovascular,Labetalol 200mg,Tablet,Labetalol Tablets BP 200mg,10×10 Alu-Alu
Pharmaceutical Formulations,Cardiovascular,Metoprolol Succinate ER 25mg,Tablet,Metoprolol Succinate ER Tablets USP 25mg,10×10 Alu-Alu
Pharmaceutical Formulations,Cardiovascular,Methyldopa 250mg,Tablet,Methyldopa Tablets BP 250mg,10×10 Alu-Alu
Pharmaceutical Formulations,Cardiovascular,Prazosin 2.5mg,Tablet,Prazosin Tablets BP 2.5mg,10×10 Alu-Alu
Pharmaceutical Formulations,Cardiovascular,Hydralazine 25mg,Tablet,Hydralazine Tablets BP 25mg,10×10 Alu-Alu
Pharmaceutical Formulations,Cardiovascular,Losartan + Amlodipine + HCTZ,Tablet,"Losartan K, Amlodipine & Hydrochlorothiazide Tablets",10×10 Alu-Alu
Pharmaceutical Formulations,Cardiovascular,Doxazosin,Tablet,Doxazosin Tablets USP,10×10 Alu-Alu
Pharmaceutical Formulations,Cardiovascular,Lisinopril 5/10mg,Tablet,Lisinopril Tablets USP 5mg/10mg,10×10 Alu-Alu
Pharmaceutical Formulations,Cardiovascular,Telmisartan,Tablet,Telmisartan Tablets USP,10×10 Alu-Alu
Pharmaceutical Formulations,Cardiovascular,Losartan 50/100mg,Tablet,Losartan K Tablets USP 50mg/100mg,10×10 Alu-Alu
Pharmaceutical Formulations,Cardiovascular,Valsartan,Tablet,Valsartan Tablets USP,10×10 Alu-Alu
Pharmaceutical Formulations,Cardiovascular,Amlodipine + Valsartan,Tablet,Amlodipine & Valsartan Tablets USP,10×10 Alu-Alu
Pharmaceutical Formulations,Cardiovascular,Amlodipine + Valsartan + HCTZ,Tablet,"Amlodipine, Valsartan & HCTZ Tablets USP",10×10 Alu-Alu
Pharmaceutical Formulations,Cardiovascular,Atorvastatin 10/20/40mg,Tablet,Atorvastatin Calcium Tablets USP 10/20/40mg,10×10 Alu-Alu
Pharmaceutical Formulations,Cardiovascular,Atorvastatin 10-80mg,Tablet,Atorvastatin Calcium Tablets BP 10/20/40/80mg,10×10 Alu-Alu
Pharmaceutical Formulations,Cardiovascular,Rosuvastatin + Fenofibrate,Tablet,Rosuvastatin & Fenofibrate Tablets IP,10×10 Alu-Alu
Pharmaceutical Formulations,Cardiovascular,Fenofibrate 160mg (×2),Tablet,Fenofibrate Tablets USP 160mg (×2),10×10 Alu-Alu
Pharmaceutical Formulations,Cardiovascular,Ticagrelor 90mg,Tablet,Ticagrelor Tablets BP 90mg,10×10 Alu-Alu
Pharmaceutical Formulations,Cardiovascular,Rivaroxaban 2.5/10/15/20mg,Tablet,Rivaroxaban Tablets BP 2.5/10/15/20mg,10×10 Alu-Alu
Pharmaceutical Formulations,Cardiovascular,Isosorbide Dinitrate 10mg,Tablet,Isosorbide Dinitrate Tablets BP 10mg,10×10 Alu-Alu
Pharmaceutical Formulations,Cardiovascular,Nitroglycerin SR 2.6mg,Tablet,Nitroglycerin SR Tablets 2.6mg,10×10 Alu-Alu
Pharmaceutical Formulations,Cardiovascular,Furosemide 40mg,Tablet,Furosemide Tablets BP 40mg,10×10 Alu-Alu
Pharmaceutical Formulations,Cardiovascular,HCTZ 12.5/25/50mg,Tablet,Hydrochlorothiazide Tablets BP 12.5/25/50mg,10×10 Alu-Alu
Pharmaceutical Formulations,Cardiovascular,Spironolactone 25mg,Tablet,Spironolactone Tablets BP 25mg,10×10 Alu-Alu
Pharmaceutical Formulations,Cardiovascular,Nifedipine PR 30mg,Tablet,Nifedipine PR Tablets BP 30mg,10×10 Alu-Alu
Pharmaceutical Formulations,Cardiovascular,Prasugrel HCl,Tablet,Prasugrel HCl Tablets,10×10 Alu-Alu
Pharmaceutical Formulations,Neurological & Mental Health,Pregabalin 150mg,Capsule,Pregabalin Capsules BP 150mg,10×10 Alu-Alu
Pharmaceutical Formulations,Neurological & Mental Health,Gabapentin 300mg,Capsule,Gabapentin Capsules USP 300mg,10×10 Alu-Alu
Pharmaceutical Formulations,Neurological & Mental Health,Lamotrigine ER 50/100mg,Tablet,Lamotrigine ER Tablets USP 50/100mg,10×10 Alu-Alu
Pharmaceutical Formulations,Neurological & Mental Health,Levetiracetam 500mg,Tablet,Levetiracetam Tablets USP 500mg,10×10 Alu-Alu
Pharmaceutical Formulations,Neurological & Mental Health,Sodium Valproate 500mg,Tablet,Sodium Valproate Tablets BP 500mg,10×10 Alu-Alu
Pharmaceutical Formulations,Neurological & Mental Health,Carbamazepine 100mg Chewable,Tablet,Carbamazepine Chewable Tablets BP 100mg,10×10 Alu-Alu
Pharmaceutical Formulations,Neurological & Mental Health,Carbamazepine 200/400mg,Tablet,Carbamazepine Tablets USP 200/400mg,10×10 Alu-Alu
Pharmaceutical Formulations,Neurological & Mental Health,Pregabalin 750mcg + Methylcobalamin 50mg,Tablet,Pregabalin 750mcg & Methylcobalamin 50mg,10×10 Alu-Alu
Pharmaceutical Formulations,Neurological & Mental Health,Pregabalin 75mg + Methylcobalamin 1500mcg,Tablet,Pregabalin 75mg & Methylcobalamin 1500mcg,10×10 Alu-Alu
Pharmaceutical Formulations,Neurological & Mental Health,Pregabalin 75mg + Methylcobalamin 750mcg,Tablet,Pregabalin 75mg & Methylcobalamin 750mcg,10×10 Alu-Alu
Pharmaceutical Formulations,Neurological & Mental Health,Phenytoin 100mg,Tablet,Phenytoin Tablets BP 100mg,10×10 Alu-Alu
Pharmaceutical Formulations,Neurological & Mental Health,Lithium Carbonate 300mg,Tablet,Lithium Carbonate Tablets USP 300mg,10×10 Alu-Alu
Pharmaceutical Formulations,Neurological & Mental Health,Modafinil 300mg,Tablet,Modafinil Tablets USP 300mg,10×10 Alu-Alu
Pharmaceutical Formulations,Neurological & Mental Health,Betahistine 6/12mg,Tablet,Betahistine Mesilate Tablets JP 6/12mg,10×10 Alu-Alu
Pharmaceutical Formulations,Neurological & Mental Health,Escitalopram 10mg,Tablet,Escitalopram Oxalate Tablets USP 10mg,10×10 Alu-Alu
Pharmaceutical Formulations,Neurological & Mental Health,Amitriptyline 25mg,Tablet,Amitriptyline HCl Tablets USP 25mg,10×10 Alu-Alu
Pharmaceutical Formulations,Neurological & Mental Health,Fluoxetine 20mg,Capsule,Fluoxetine HCl Capsules BP 20mg,10×10 Alu-Alu
Pharmaceutical Formulations,Neurological & Mental Health,Flupentixol 0.5mg,Tablet,Flupentixol HCl Tablets 0.5mg,10×10 Alu-Alu
Pharmaceutical Formulations,Neurological & Mental Health,Naltrexone,Tablet,Naltrexone HCl Tablets USP,10×10 Alu-Alu
Pharmaceutical Formulations,Neurological & Mental Health,Risperidone 1/2/3/4mg,Tablet,Risperidone Tablets USP 1/2/3/4mg,10×10 Alu-Alu
Pharmaceutical Formulations,Neurological & Mental Health,Olanzapine ODT 5/10mg,Tablet,Olanzapine ODT USP 5/10mg,10×10 Alu-Alu
Pharmaceutical Formulations,Neurological & Mental Health,Olanzapine 5/10mg,Tablet,Olanzapine Tablets USP 5/10mg,10×10 Alu-Alu
Pharmaceutical Formulations,Neurological & Mental Health,Aripiprazole 5/10mg,Tablet,Aripiprazole Tablets USP 5/10mg,10×10 Alu-Alu
Pharmaceutical Formulations,Neurological & Mental Health,Levosulpiride 25mg,Tablet,Levosulpiride Tablets 25mg,10×10 Alu-Alu
Pharmaceutical Formulations,Neurological & Mental Health,Haloperidol 5mg,Tablet,Haloperidol Tablets BP 5mg,10×10 Alu-Alu
Pharmaceutical Formulations,Neurological & Mental Health,Amisulpride 50mg,Tablet,Amisulpride Tablets BP 50mg,10×10 Alu-Alu
Pharmaceutical Formulations,Neurological & Mental Health,Levodopa 100mg + Carbidopa 25mg,Tablet,Levodopa USP 100mg & Carbidopa USP 25mg,10×10 Alu-Alu
Pharmaceutical Formulations,Neurological & Mental Health,Citicoline 500mg,Tablet,Citicoline Sodium Tablets 500mg,10×10 Alu-Alu
Pharmaceutical Formulations,Neurological & Mental Health,Citicoline 500mg Chewable,Tablet,Citicoline Chewable Tablet 500mg,10×10 Alu-Alu
Pharmaceutical Formulations,Neurological & Mental Health,Citicoline CR 1000mg,Tablet,Citicoline CR Tablets USP 1000mg,10×10 Alu-Alu
Pharmaceutical Formulations,Neurological & Mental Health,Citicoline 500mg + Piracetam 400mg,Tablet,Citicoline 500mg & Piracetam 400mg,10×10 Alu-Alu
Pharmaceutical Formulations,Neurological & Mental Health,Choline Bitartrate 500mg,Tablet,Choline Bitartrate USP 500mg,10×10 Alu-Alu
Pharmaceutical Formulations,Hormonal & Endocrine,Levothyroxine 12.5-100mcg,Tablet,Levothyroxine Sodium Tablets 12.5-100mcg,100/12 tabs HPDE
Pharmaceutical Formulations,Hormonal & Endocrine,Liothyronine Sodium,Tablet,Liothyronine Sodium Tablets BP,10×10 Alu-Alu
Pharmaceutical Formulations,Hormonal & Endocrine,Cabergoline 0.25mg,Tablet,Cabergoline Tablets BP 0.25mg,10×10 Alu-Alu
Pharmaceutical Formulations,Hormonal & Endocrine,Medroxyprogesterone 10mg,Tablet,Medroxyprogesterone Acetate Tablets USP 10mg,10×10 Alu-Alu
Pharmaceutical Formulations,Hormonal & Endocrine,Clomifene 50mg,Tablet,Clomifene Tablets BP 50mg,10×10 Alu-Alu
Pharmaceutical Formulations,Hormonal & Endocrine,Desogestrel 0.075mg,Tablet,Desogestrel Tablets 0.075mg,10×10 Alu-Alu
Pharmaceutical Formulations,Hormonal & Endocrine,Desogestrel + Ethinylestradiol,Tablet,Desogestrel 0.15mg & Ethinyl Estradiol 0.02mg,10×10 Alu-Alu
Pharmaceutical Formulations,Hormonal & Endocrine,Cyproterone + Ethinylestradiol,Tablet,Cyproterone Acetate 2mg & Ethinylestradiol 0.035mg,10×10 Alu-Alu
Pharmaceutical Formulations,Hormonal & Endocrine,Drospirenone + Ethinylestradiol,Tablet,Drospirenone 3mg & Ethinylestradiol 0.03mg,1×21 Blister
Pharmaceutical Formulations,Hormonal & Endocrine,Levonorgestrel + EE + Ferrous Fumarate,Tablet,Combipack Levonorgestrel 0.15mg & EE 0.03mg with Ferrous Fumarate 60mg,1×21 Blister
Pharmaceutical Formulations,Hormonal & Endocrine,Ethinylestradiol + Gestodene,Tablet,Ethinylestradiol 0.03mg & Gestodene 0.075mg,1×21 Blister
Pharmaceutical Formulations,Hormonal & Endocrine,Levonorgestrel 1.5mg (EC),Tablet,Levonorgestrel Tablets BP 1.5mg,1×1 Blister
Pharmaceutical Formulations,Hormonal & Endocrine,Methimazole 5/10mg,Tablet,Methimazole Tablets USP 5/10mg,10×10 Alu-Alu
Pharmaceutical Formulations,Gynecological,Mifepristone + Misoprostol,Tablet,Combipack of Mifepristone & Misoprostol Tablets,10×10 Alu-Alu
Pharmaceutical Formulations,Gynecological,Misoprostol 200mcg,Tablet,Misoprostol Tablets 200mcg,10×10 Alu-Alu
Pharmaceutical Formulations,Gynecological,Levonorgestrel 1.5mg,Tablet,Levonorgestrel Tablets BP 1.5mg,10×10 Alu-Alu
Pharmaceutical Formulations,Gynecological,Levonorgestrel 0.75mg,Tablet,Levonorgestrel Tablets BP 0.75mg,10×10 Alu-Alu
Pharmaceutical Formulations,Gynecological,Ulipristal Acetate,Tablet,Ulipristal Acetate Tablets,10×10 Alu-Alu
Pharmaceutical Formulations,Gynecological,Drospirenone + EE (×2),Tablet,Drospirenone & Ethinylestradiol Tablets USP (×2),10×10 Alu-Alu
Pharmaceutical Formulations,Gynecological,Ethinylestradiol + Gestodene,Tablet,Ethinylestradiol & Gestodene Tablets,10×10 Alu-Alu
Pharmaceutical Formulations,Gynecological,Dydrogesterone 10/30mg,Tablet,Dydrogesterone Tablets BP 10/30mg,10×10 Blister
Pharmaceutical Formulations,Gynecological,Norethisterone (×4),Tablet,Norethisterone Tablets BP (×4),10×10 Alu-Alu
Pharmaceutical Formulations,Gynecological,Norethisterone CR 10/15mg,Tablet,Norethisterone Acetate CR Tablets 10/15mg,10×10 Alu-Alu
Pharmaceutical Formulations,Gynecological,Progesterone 500mg,Tablet,Progesterone Tablets BP 500mg,10×10 Blister
Pharmaceutical Formulations,Gynecological,Progesterone SR 200/300/400mg,Tablet,Progesterone SR Tablets 200/300/400mg,10×10 Alu-Alu/Blister
Pharmaceutical Formulations,Gynecological,Dienogest (×2),Tablet,Dienogest Tablets (×2),10×10 Blister
Pharmaceutical Formulations,Respiratory,Salbutamol + Bromhexine + Guaifenesin + Menthol,Syrup,"Salbutamol, Bromhexine HCl, Guaifenesin & Menthol Syrup",10×10 Alu-Alu
Pharmaceutical Formulations,Respiratory,Diphenhydramine + Guaiphenesin + Bromhexine,Syrup,"Diphenhydramine HCl, Guaiphenesin, Bromhexine HCl, NH4Cl & Menthol",10×10 Alu-Alu
Pharmaceutical Formulations,Respiratory,Diphenhydramine + NH4Cl + Sodium Citrate,Syrup,"Diphenhydramine HCl, NH4Cl, Sodium Citrate & Menthol Syrup",10×10 Alu-Alu
Pharmaceutical Formulations,Respiratory,Bromhexine HCl Syrup,Syrup,Bromhexine HCl Syrup,10×10 Alu-Alu
Pharmaceutical Formulations,Respiratory,Cyproheptadine HCl Syrup,Syrup,Cyproheptadine HCl Syrup USP,10×10 Alu-Alu
Pharmaceutical Formulations,Respiratory,Cetirizine + Phenylephrine + Paracetamol,Tablet,"Cetirizine HCl, Phenylephrine HCl & Paracetamol",10×10 Alu-Alu
Pharmaceutical Formulations,Respiratory,Diphenhydramine + Phenylephrine + Caffeine + Paracetamol,Tablet,"Diphenhydramine HCl, Phenylephrine HCl, Caffeine & Paracetamol",10×10 Alu-Alu
Pharmaceutical Formulations,Dermatology,Neomycin Cream,Cream,Neomycin Cream BP USP 0.5%,10g/20g/30g
Pharmaceutical Formulations,Dermatology,Gentamicin 0.1% Cream,Cream,Gentamicin Cream BP 0.1% w/w,10g/20g/30g
Pharmaceutical Formulations,Dermatology,Fusidic Acid Cream,Cream,Fusidic Acid Cream BP 20mg,10g/20g/30g
Pharmaceutical Formulations,Dermatology,Silver Sulfadiazine 1% Cream,Cream,Silver Sulfadiazine Cream USP 1% w/w,10g/20g/30g
Pharmaceutical Formulations,Dermatology,Clindamycin + Nicotinamide Gel,Cream,Clindamycin Phosphate BP 1% & Nicotinamide Gel 4%,10g/20g/30g
Pharmaceutical Formulations,Dermatology,Ketoconazole 2% + Zinc Pyrithione 1% Lotion,Lotion,Ketoconazole 2% & Zinc Pyrithione Lotion BP 1%,10×10 Alu-Alu
Pharmaceutical Formulations,Dermatology,Hydroquinone + Tretinoin + Mometasone Cream,Cream,"Hydroquinone 2%, Tretinoin 0.025% & Mometasone 0.1%",10g/20g/30g
Pharmaceutical Formulations,Dermatology,Hydrocortisone 1% Cream,Cream,Hydrocortisone Cream BP 1%,10g/20g/30g
Pharmaceutical Formulations,Dermatology,Calamine Lotion 10%,Lotion,Calamine Lotion BP 10%,20ml
Pharmaceutical Formulations,Dermatology,Anti-Hemorrhoidal Cream,Cream,Anti-Hemorrhoidal Cream,10g/20g/30g
Pharmaceutical Formulations,Urology,Finasteride 5mg,Tablet,Finasteride Tablets USP/BP 5mg,10×10 Alu-Alu
Pharmaceutical Formulations,Urology,Tamsulosin 0.4mg,Capsule,Tamsulosin HCl MR USP 0.4mg Capsules,10×10 Alu-Alu
Pharmaceutical Formulations,Urology,Tamsulosin 0.4mg + Dutasteride 0.5mg,Capsule,Tamsulosin HCl PR 0.4mg & Dutasteride 0.5mg,10×10 Alu-Alu
Pharmaceutical Formulations,Urology,Tamsulosin PR 0.4mg,Tablet,Tamsulosin PR Tablets BP 0.4mg,10×10 Alu-Alu
Pharmaceutical Formulations,Urology,Nitrofurantoin SR,Tablet,Nitrofurantoin SR Tablets,10×10 Alu-Alu
Pharmaceutical Formulations,Urology,Solifenacin 5/10mg,Tablet,Solifenacin Succinate Tablets BP 5/10mg,10×10 Alu-Alu
Pharmaceutical Formulations,"Orthopaedics, Nutrition & Allergy",Calcium + Zinc + Vit D3 Suspension,Suspension,"Calcium, Zinc with Vitamin D3 Suspension",10×10 Alu-Alu
Pharmaceutical Formulations,"Orthopaedics, Nutrition & Allergy",Calcium Citrate + Vit D3 + Folic Acid (×2),Tablet,"Calcium Citrate Malate, Vit D3 & Folic Acid (×2)",10×10 Alu-Alu
Pharmaceutical Formulations,"Orthopaedics, Nutrition & Allergy",Cholecalciferol 200000 IU,Tablet,Cholecalciferol Tablets IP 200000 IU,10×10 Alu-Alu
Pharmaceutical Formulations,"Orthopaedics, Nutrition & Allergy",Alendronic Acid 70mg,Tablet,Alendronic Acid Tablets BP 70mg,10×10 Alu-Alu
Pharmaceutical Formulations,"Orthopaedics, Nutrition & Allergy",Glucosamine 500mg,Tablet,Glucosamine Tablets USP 500mg,10×10 Alu-Alu
Pharmaceutical Formulations,"Orthopaedics, Nutrition & Allergy",Glucosamine + Chondroitin,Tablet,Glucosamine Sulphate & Chondroitin Sulphate Tablets USP,10×10 Alu-Alu
Pharmaceutical Formulations,"Orthopaedics, Nutrition & Allergy",Cholecalciferol 60000 IU Sachet,Sachet,Cholecalciferol Granules BP 60000 IU,10×10 Alu-Alu
Pharmaceutical Formulations,"Orthopaedics, Nutrition & Allergy",Cholecalciferol 60000 IU Tablet,Tablet,Cholecalciferol Tablets USP 60000 IU,10×10 Alu-Alu
Pharmaceutical Formulations,"Orthopaedics, Nutrition & Allergy",Ferrous Ascorbate + Folic Acid,Tablet,Ferrous Ascorbate 100mg & Folic Acid 1.5mg,10×10 Alu-Alu
Pharmaceutical Formulations,"Orthopaedics, Nutrition & Allergy",Carbonyl Iron + Zinc + Folic Acid,Capsule,"Carbonyl Iron 50mg, Zinc 61.8mg & Folic Acid 0.5mg",10×10 Alu-Alu
Pharmaceutical Formulations,"Orthopaedics, Nutrition & Allergy",Folic Acid 5mg,Tablet,Folic Acid Tablets USP 5mg,10×10 Alu-Alu
Pharmaceutical Formulations,"Orthopaedics, Nutrition & Allergy",Vitamin C Syrup (×2),Syrup,Vitamin C Syrup (×2),10×10 Alu-Alu
Pharmaceutical Formulations,"Orthopaedics, Nutrition & Allergy",Vitamin C + Zinc + Vit D3 Syrup,Syrup,"Vitamin C, Zinc Sulfate & Vit D3 Syrup",10×10 Alu-Alu
Pharmaceutical Formulations,"Orthopaedics, Nutrition & Allergy",Vitamin B-Complex Syrup,Syrup,Vitamin B-Complex Syrup,10×10 Alu-Alu
Pharmaceutical Formulations,"Orthopaedics, Nutrition & Allergy",Biotin 5/10mg,Tablet,Biotin Tablet USP 5/10mg,30 tabs bottle
Pharmaceutical Formulations,"Orthopaedics, Nutrition & Allergy",Pre & Probiotic Sachet,Sachet,Pre & Probiotic Sachet 1gm,10×10 Alu-Alu
Pharmaceutical Formulations,"Orthopaedics, Nutrition & Allergy",Levocetirizine 5mg,Tablet,Levocetirizine HCl Tablets USP 5mg,10×10 Alu-Alu
Pharmaceutical Formulations,"Orthopaedics, Nutrition & Allergy",Cetirizine 10mg,Tablet,Cetirizine HCl Tablets USP 10mg,10×10 Alu-Alu
Pharmaceutical Formulations,"Orthopaedics, Nutrition & Allergy",Cyproheptadine 4mg,Tablet,Cyproheptadine HCl Tablets USP 4mg,10×10 Alu-Alu
Pharmaceutical Formulations,"Orthopaedics, Nutrition & Allergy",Levocetirizine + Montelukast,Tablet,Levocetirizine 5mg & Montelukast 10mg,10×10 Alu-Alu
Pharmaceutical Formulations,"Orthopaedics, Nutrition & Allergy",Levocetirizine 10mg + Montelukast 10mg,Tablet,Levocetirizine 10mg & Montelukast 10mg,10×10 Alu-Alu
Pharmaceutical Formulations,"Orthopaedics, Nutrition & Allergy",Desloratadine,Tablet,Desloratadine Tablets,10×10 Alu-Alu
Pharmaceutical Formulations,"Orthopaedics, Nutrition & Allergy",Levocetirizine + Montelukast Syrup,Syrup,Levocetirizine 2.5mg & Montelukast 4mg/5ml,10×10 Alu-Alu
Pharmaceutical Formulations,"Orthopaedics, Nutrition & Allergy",Ginseng + Ginkgo + Cyanocobalamin Syrup,Syrup,"Ginseng, Ginkgo Biloba & Cyanocobalamin Syrup",10×10 Alu-Alu
Pharmaceutical Formulations,Metabolic & Miscellaneous,Metformin 500/850/1000mg,Tablet,Metformin HCl Tablets USP 500/850/1000mg,10×10 Blister
Pharmaceutical Formulations,Metabolic & Miscellaneous,Gliclazide 80mg,Tablet,Gliclazide Tablets BP 80mg,10×10 Alu-Alu
Pharmaceutical Formulations,Metabolic & Miscellaneous,Glimepiride 1/2/3/4mg,Tablet,Glimepiride Tablets USP 1/2/3/4mg,10×10 Alu-Alu/Blister
Pharmaceutical Formulations,Metabolic & Miscellaneous,Vildagliptin + Metformin,Tablet,Vildagliptin BP 50mg & Metformin HCl BP 500mg,10×10 Alu-Alu
Pharmaceutical Formulations,Metabolic & Miscellaneous,Glibenclamide 5mg,Tablet,Glibenclamide Tablets BP 5mg,10×10 Alu-Alu
Pharmaceutical Formulations,Metabolic & Miscellaneous,Glipizide 2.5mg,Tablet,Glipizide Tablets BP 2.5mg,10×10 Alu-Alu
Pharmaceutical Formulations,Metabolic & Miscellaneous,Repaglinide 0.5/1/2mg,Tablet,Repaglinide Tablets BP/USP 0.5/1/2mg,10×10 Alu-Alu
Pharmaceutical Formulations,Metabolic & Miscellaneous,Empagliflozin 10/25mg,Tablet,Empagliflozin Tablets 10/25mg,10×10 Alu-Alu
Pharmaceutical Formulations,Metabolic & Miscellaneous,Dapagliflozin 10mg,Tablet,Dapagliflozin Tablets USP 10mg,10×10 Alu-Alu
Pharmaceutical Formulations,Metabolic & Miscellaneous,Orlistat 120/60mg,Capsule,Orlistat Capsules USP 120/60mg,10×10 Alu-Alu
Pharmaceutical Formulations,Metabolic & Miscellaneous,Orlistat 120mg Tablet,Tablet,Orlistat Tablets 120mg,10×10 Alu-Alu
Pharmaceutical Formulations,Metabolic & Miscellaneous,Deflazacort 6/30mg,Tablet,Deflazacort Tablets 6/30mg,10×10 Alu-Alu
Pharmaceutical Formulations,Metabolic & Miscellaneous,Dexamethasone 1mg,Tablet,Dexamethasone Tablets BP 1mg,10×10 Alu-Alu
Pharmaceutical Formulations,Metabolic & Miscellaneous,Prednisolone 5mg,Tablet,Prednisolone Tablets BP 5mg,10×10 Alu-Alu
Pharmaceutical Formulations,Metabolic & Miscellaneous,Hydrocortisone 10mg,Tablet,Hydrocortisone Tablets USP 10mg,10×10 Alu-Alu
Pharmaceutical Formulations,Metabolic & Miscellaneous,Sildenafil 100mg,Tablet,Sildenafil Citrate Tablets BP 100mg,10×4 Alu-Alu/Blister
Pharmaceutical Formulations,Metabolic & Miscellaneous,Sildenafil 20/50mg,Tablet,Sildenafil Citrate Tablets BP 20/50mg,10×10 Alu-Alu
Pharmaceutical Formulations,Metabolic & Miscellaneous,Tadalafil 50/100mg,Tablet,Tadalafil Tablets USP 50/100mg,10×10 Alu-Alu
Pharmaceutical Formulations,Metabolic & Miscellaneous,Vardenafil 10/20mg,Tablet,Vardenafil HCl Tablets 10/20mg,10×10 Blister
Pharmaceutical Formulations,Metabolic & Miscellaneous,Disulfiram 250/500mg,Tablet,Disulfiram Tablets USP/BP 250/500mg,10×10 Blister
Pharmaceutical Formulations,Metabolic & Miscellaneous,Sodium Picosulfate Solution,Solution,Sodium Picosulfate Oral Solution BP,10×10 Alu-Alu
Pharmaceutical Formulations,Metabolic & Miscellaneous,Tranexamic Acid 250mg,Tablet,Tranexamic Acid Tablets USP 250mg,10×10 Alu-Alu
Pharmaceutical Formulations,Metabolic & Miscellaneous,Trypsin + Bromelain + Rutoside,Tablet,"Trypsin 48mg, Bromelain 90mg & Rutoside Trihydrate 100mg",10×10 Alu-Alu
Pharmaceutical Formulations,Metabolic & Miscellaneous,Trypsin-Chymotrypsin + Diclofenac K,Tablet,Trypsin-Chymotrypsin & Diclofenac K Tablets,10×10 Alu-Alu
Pharmaceutical Formulations,Metabolic & Miscellaneous,Disodium Hydrogen Citrate Syrup,Syrup,Disodium Hydrogen Citrate Syrup,10×10 Alu-Alu
Pharmaceutical Formulations,Metabolic & Miscellaneous,Calcium Acetate,Tablet,Calcium Acetate Tablets USP,10×10 Alu-Alu
Pharmaceutical Formulations,Metabolic & Miscellaneous,L-Glutamine Powder,Powder,L-Glutamine Oral Powder,10×10 Alu-Alu
Pharmaceutical Formulations,Metabolic & Miscellaneous,Pirfenidone 200mg,Tablet,Pirfenidone Tablets 200mg,10×10 Alu-Alu
Pharmaceutical Formulations,Metabolic & Miscellaneous,Ethamsylate 250mg,Tablet,Ethamsylate Tablets 250mg,10×10 Alu-Alu
Pharmaceutical Formulations,Metabolic & Miscellaneous,Sirolimus 1/2mg,Tablet,Sirolimus Tablets 1/2mg,10×10 Alu-Alu
Pharmaceutical Formulations,Metabolic & Miscellaneous,Clomiphene Citrate 100mg,Tablet,Clomiphene Citrate Tablets USP 100mg,10×10 Alu-Alu
Pharmaceutical Formulations,Metabolic & Miscellaneous,Cyclandelate 200mg,Capsule,Cyclandelate Capsules 200mg,10×10 Alu-Alu
Pharmaceutical Formulations,Metabolic & Miscellaneous,Sulfasalazine DR 1000mg,Tablet,Sulfasalazine DR Tablets USP 1000mg,10×10 Alu-Alu
Hormonal Products,Oral Contraceptives,Dienogest 2mg + EE 30mcg,Tablet,Dienogest 2mg + Ethinylestradiol 30mcg,10×10 Alu-Alu
Hormonal Products,Oral Contraceptives,Cyproterone 2mg + EE 0.035mg,Tablet,Cyproterone Acetate 2mg + Ethinylestradiol 0.035mg,10×10 Alu-Alu
Hormonal Products,Oral Contraceptives,Desogestrel 0.15mg + EE 0.02/0.03mg,Tablet,Desogestrel 0.15mg + Ethinylestradiol 0.02/0.03mg,10×10 Alu-Alu
Hormonal Products,Oral Contraceptives,Drospirenone 3mg + EE 0.02/0.03mg,Tablet,Drospirenone 3mg + Ethinylestradiol 0.02/0.03mg,10×10 Alu-Alu
Hormonal Products,Oral Contraceptives,Levonorgestrel 0.15mg + EE 0.03mg,Tablet,Levonorgestrel 0.15mg + Ethinylestradiol 0.03mg,10×10 Alu-Alu
Hormonal Products,Emergency Contraception,Levonorgestrel 1.5mg (72-Hour),Tablet,Levonorgestrel 1.5mg — Emergency Contraceptive Pill (72 Hours),1×1 Blister
Hormonal Products,Emergency Contraception,Ulipristal Acetate 5mg,Tablet,Ulipristal Acetate 5mg — Emergency Contraception,10×10 Alu-Alu
Hormonal Products,Menstrual Health,Tranexamic Acid 250/500mg,Tablet,Tranexamic Acid — Heavy Menstrual Bleeding,10×10 Alu-Alu
Hormonal Products,Menstrual Health,Tranexamic Acid 500mg + Mefenamic Acid 250mg,Tablet,Tranexamic Acid 500mg + Mefenamic Acid 250mg — Dysmenorrhea,10×10 Alu-Alu
Hormonal Products,Menstrual Health,Dydrogesterone 10mg,Tablet,Dydrogesterone 10mg — Menstrual Disorders,10×10 Blister
Hormonal Products,Menstrual Health,Dicyclomine 20mg + Mefenamic Acid 250mg,Tablet,Dicyclomine 20mg + Mefenamic Acid 250mg — Dysmenorrhea,10×10 Blister
Hormonal Products,Menstrual Health,Norethisterone 5/10/20mg,Tablet,Norethisterone 5/10/20mg — Postpone Periods,10×10 Alu-Alu
Hormonal Products,Menstrual Health,Medroxyprogesterone 10mg,Tablet,Medroxyprogesterone 10mg — Irregular Cycles & Amenorrhea,10×10 Alu-Alu
Hormonal Products,Menstrual Health,Progesterone (Micronized) 200/300/400mg,Tablet,Progesterone Natural Micronized — Menstrual Problems & Infertility,10×10 Alu-Alu/Blister
Hormonal Products,Fertility & Menopause,Clomifene Citrate 25/50/100mg,Tablet,Clomifene Citrate — Female Infertility,10×10 Alu-Alu
Hormonal Products,Fertility & Menopause,Dienogest 2mg,Tablet,Dienogest 2mg — Endometriosis Treatment,10×10 Alu-Alu
Hormonal Products,Fertility & Menopause,Estradiol Valerate 2mg (Micronized),Tablet,Estradiol Valerate 2mg Micronized — Menopausal Symptoms,10×10 Alu-Alu
Hormonal Products,Fertility & Menopause,L-5 Methyltetrahydrofolate 800mcg,Tablet,L-5 Methyltetrahydrofolate 800mcg — Low Folate Levels,10×10 Alu-Alu
Hormonal Products,Fertility & Menopause,Doxylamine + Folic Acid + Pyridoxine,Tablet,Doxylamine 10/20mg + Folic Acid 2.5/5mg + Pyridoxine 10/20mg — Pregnancy Nausea & Vomiting,10×10 Alu-Alu
Hormonal Products,Gynaecological Anti-Infectives,Fluconazole 150/200mg,Tablet,Fluconazole — Vaginal Candidiasis,10×10 Alu-Alu
Hormonal Products,Gynaecological Anti-Infectives,Fluconazole + Azithromycin + Secnidazole,Sachet,"Fluconazole 150mg + Azithromycin 1g + Secnidazole 1g — BV, Trichomoniasis & Candidiasis",10×10 Alu-Alu
Hormonal Products,Gynaecological Anti-Infectives,Fosfomycin Tromethamine 3gm,Sachet,Fosfomycin Tromethamine 3gm — UTIs in Women,10×10 Alu-Alu
Hormonal Products,Anti-Thyroid,Levothyroxine Sodium 25mcg,Tablet,Levothyroxine Sodium 25mcg — Hypothyroidism,10×10 Alu-Alu
Hormonal Products,Anti-Thyroid,Thyroxine Sodium 12.5-150mcg,Tablet,Thyroxine Sodium 12.5-150mcg — Primary Hypothyroidism,100/12 tabs HPDE
Hormonal Products,Men's Health,Sildenafil 50/100mg,Tablet,Sildenafil 50/100mg — Erectile Dysfunction,10×10 Alu-Alu
Nutraceuticals,Cardiology,CoQ10 60mg + L-Carnitine 250mg + Lycopene + Zinc,Capsule,CoQ10 60mg + L-Carnitine-L-Tartrate 250mg + Lycopene 2500mcg + Zinc 12mg,10×10 Alu-Alu
Nutraceuticals,Cardiology,CoQ10 25mg + L-Carnitine 250mg + Lycopene + Zinc,Capsule,CoQ10 25mg + L-Carnitine 250mg + Lycopene 2500mcg + Zinc 12.5mg,10×10 Alu-Alu
Nutraceuticals,Cardiology,Cyanocobalamin + Folic Acid + Grape Seed + L-Carnitine,Capsule,Cyanocobalamin 1mcg + Folic Acid 275mcg + Grape Seed 60mg + L-Carnitine 500mg + Vit D3 10mcg,10×10 Alu-Alu
Nutraceuticals,Cardiology,Astaxanthin + Iron + Folic Acid + L-Arginine + Selenium + Zinc,Capsule,Astaxanthin 8mg + Fe Gluconate 25mg + Folic Acid 0.25mg + L-Arginine 5mg + Lycopene 1mg + Selenium 100mcg + B12 7.5mcg + Zinc 7.5mg,10×10 Alu-Alu
Nutraceuticals,Cardiology,Astaxanthin + CoQ10 60mg + Levocarnitine + Lycopene,Capsule,Astaxanthin 8mg + CoQ10 60mg + Levocarnitine 340mg + Lycopene 2500mcg + Zinc 5mg,10×10 Alu-Alu
Nutraceuticals,Vitamin B-Complex,Vitamin B-Complex with Zinc,Tablet,Calcium 90mg + Cu 0.35mcg + Folic Acid 200mcg + Niacinamide 18mg + B1 1.4mg + B2 1.6mg + B6 1.5mg + B12 1mcg + Zinc 6mg,10×10 Alu-Alu
Nutraceuticals,Vitamin B-Complex,Folic Acid + Lactobacillus + Niacinamide,Capsule,Folic Acid 118mcg + L. Acidophilus 60M spores + Niacinamide 14mg + Riboflavin 1.575mg,10×10 Alu-Alu
Nutraceuticals,Vitamin B-Complex,Vitamin B-Complex with Selenium & Zinc,Tablet,Cu 0.35mcg + B12 1mcg + Folic Acid 100mcg + Niacinamide 18mg + B6 2mg + Selenium 31.1mcg + B1 1.4mg + B2 1.6mg + Zinc 12mg,10×10 Alu-Alu
Nutraceuticals,Antioxidants,Lutein + Lycopene + Niacinamide + B6,Capsule,Lutein 10% + Lycopene 10% + Niacinamide + Vitamin B6,10×10 Alu-Alu
Nutraceuticals,Antioxidants,Multivitamin Antioxidant with Lutein & Lycopene,Capsule,Betacarotene 100mcg + Biotin 10mcg + Ca 90mg + Cr 32.82mcg + Cu 0.5mg + FA 100mcg + Iron 14.79mg + Lutein 6mg + Lycopene 500mcg + Lysine 50mg + Mn 1mg + Niacinamide 20mg + Se 30mcg + B12 1mcg + B6 1mg + D3 5mcg,10×10 Alu-Alu
Nutraceuticals,Antioxidants,Astaxanthin + CoQ10 + L-Carnitine + Lycopene,Capsule,Astaxanthin 8mg + CoQ10 50mg + L-Carnitine 500mg + Lycopene 2500mcg + Zinc 5mg,10×10 Alu-Alu
Nutraceuticals,Antioxidants,CoQ10 + NAC + L-Carnitine + Lycopene + L-Ornithine + L-Glutathione,Capsule,CoQ10 250mcg + NAC 5mg + L-Carnitine 5mcg + Lycopene 5000mcg + L-Ornithine L-Aspartate 300mcg + L-Glutathione 1500mcg,10×10 Alu-Alu
Nutraceuticals,Antioxidants,Comprehensive Multivitamin Antioxidant,Capsule,Betacarotene 1000mcg + Biotin 10mcg + Cr 50mcg + Cu 0.5mg + Fe 13.6mg + FA 100mcg + Lutein 6mg + Lycopene 5mg + Mn 2mg + Niacinamide 16.8mg + Se 30mcg + B12 0.8mcg + B6 1mg + D3 5mcg + Zinc 3mg,10×10 Alu-Alu
Nutraceuticals,Antioxidants,Vitamin C + Proanthocyanidins,Capsule,Ascorbic Acid 40mg + Proanthocyanidins 100mg,10×10 Alu-Alu
Nutraceuticals,Antioxidants,Grape Seed + L-Arginine + NAC + Vitamin C,Capsule,Ca 53.2mg + Grape Seed 34mg + L-Arginine 266.7mg + NAC 200mg + Vit C 33.35mg,10×10 Alu-Alu
Nutraceuticals,Bone & Joint Health,Cissus Quadrangularis 500mg,Capsule,Cissus Quadrangularis Extract 500mg,10×10 Alu-Alu
Nutraceuticals,Bone & Joint Health,Calcium + Cissus + Moringa + Vit D3,Tablet,Ca Carbonate 625mg + Cissus 500mg + Moringa 100mg + Vit D3 15mcg,10×10 Alu-Alu
Nutraceuticals,Bone & Joint Health,Cissus + Milk Calcium + Ashwagandha,Capsule,Cissus 750mg + Milk Calcium 500mg + Withania Somnifera 100mg,10×10 Alu-Alu
Nutraceuticals,Bone & Joint Health,Calcium Citrate + Vit D3 + K2-7 + Zinc,Tablet,Ca Citrate Malate 100mg + B12 1mcg + FA 100mcg + D3 6.25mcg + K2-7 50mcg + Zinc 7.5mg,10×10 Alu-Alu
Nutraceuticals,Bone & Joint Health,Calcium Citrate + Isoflavone + D3 + Zinc,Tablet,Ca Citrate 500mg + Isoflavone 300mg + D3 0.25mcg + Zinc 7.5mg,10×10 Alu-Alu
Nutraceuticals,Bone & Joint Health,Advanced Joint Formula (Powder),Powder,Boswellia 300mg + Cissus 500mg + Collagen 5gm + Curcumin 500mg + Mn 2mg + Rosehip 3gm + Se 40mcg + Hyaluronate 150mg + Zinc 10mg,10×10 Alu-Alu
Nutraceuticals,Bone & Joint Health,Coral Calcium 225mg,Capsule,Calcium (Coral Calcium) 225mg,10×10 Alu-Alu
Nutraceuticals,Bone & Joint Health,Calcium + Calcitriol + K2-7 + Boron + Zinc,Tablet,Boron 500mcg + Calcitriol 0.25mcg + Ca 625mg + K2-7 22.5mcg + Zinc 7.5mg,10×10 Alu-Alu
Nutraceuticals,Bone & Joint Health,Glucosamine + Chondroitin + Hyaluronate,Tablet,Chondroitin 275mg + Collagen Type II 50mg + Glucosamine HCl 500mg + Hyaluronate 70mg,10×10 Alu-Alu
Nutraceuticals,Bone & Joint Health,Glucosamine + Collagen + Ginger + Selenium,Tablet,Chondroitin 50mg + Collagen 150mg + Ginger 40mg + Glucosamine 750mg + Se 40mcg + Vit C 30mg + D3 10mcg + E 10mg + Mn 2mg + Zinc 5mg,10×10 Alu-Alu
Nutraceuticals,Bone & Joint Health,Glucosamine + Collagen + Curcumin + Rosehip,Tablet,Chondroitin 250mg + Collagen II 40mg + Curcuminoids 100mg + Glucosamine 500mg + Rosehip 250mg + Se 40mcg + Hyaluronate 30mg + Vit C 40mg + E 10mg,10×10 Alu-Alu
Nutraceuticals,Bone & Joint Health,Boswellia + Collagen + Curcumin + Rosehip (Powder),Powder,Boswellia 300mg + Collagen 5gm + Curcumin 100mg + Mn 2mg + Rosehip 3gm + Se 40mcg + Hyaluronate 150mg + Zinc 10mg,10×10 Alu-Alu
Nutraceuticals,Bone & Joint Health,Collagen + Hyaluronate + Vit C,Tablet,Chondroitin 200mg + Collagen I 40mg + Hyaluronate 30mg + Vit C 12.5mg,10×10 Alu-Alu
Nutraceuticals,Bone & Joint Health,Probiotic + Fungal Amylase + FOS,Sachet,FOS 100mg + Fungal Amylase 50mg + Probiotic 1.25 billion cells,10×10 Alu-Alu
Nutraceuticals,General Health,Comprehensive Daily Multivitamin,Tablet,"Contains 40+ ingredients including Vit A, B-Complex, C, D3, E, K2, Minerals, Amino Acids, Herbal Extracts & Probiotics",10×10 Alu-Alu
Nutraceuticals,General Health,Pediatric Multivitamin Drops,Liquid,"Vitamin A, B1, B2, B6, B12, C, D3, E, K + Minerals",10×10 Alu-Alu
Nutraceuticals,General Health,Ferrous Sulphate + Folic Acid,Tablet,Ferrous Sulphate 150mg + Folic Acid 500mcg,10×10 Alu-Alu
Nutraceuticals,General Health,DHA + Folic Acid + L-Arginine + Proanthocyanidin,Capsule,DHA 20% 200mg + Folic Acid 200mcg + L-Arginine 3gm + Proanthocyanidin 75mg + B6 2mg,10×10 Alu-Alu
Nutraceuticals,General Health,Comprehensive Multivitamin (Large),Tablet,"40+ ingredients including Biotin, Ginkgo, Ginseng, Green Tea, L-Carnitine, Lycopene, Vit A-K, Minerals",10×10 Alu-Alu
Nutraceuticals,General Health,Liver Support Formula,Capsule,"Milk Thistle 125mg + NAC 100mg + Black Pepper 2.5mg + Vit A, D3, E, C + Zinc",10×10 Alu-Alu
Nutraceuticals,General Health,Oral Rehydration + Amino Acid Formula,Powder,L-Glutamine 4.65g + L-Arginine 1.35g + Electrolytes + 15 Vitamins & Minerals,10×10 Alu-Alu
Nutraceuticals,General Health,Whey Protein + L-Arginine + L-Glutamine + Vitamins,Powder,"Whey 10g + L-Arginine 7g + L-Glutamine 7g + Vit C, E, A, B6, B12, Se, Zinc, Cu",10×10 Alu-Alu
Nutraceuticals,General Health,Whey Protein + L-Glutamine + Minerals (alt.),Powder,"Whey 10g + L-Glutamine 7g + L-Arginine 7g + Mg, Ca, FOS, Zinc, Vit C, B3, E, Cu, Mn, B5, B2, B1, A, D3, Cr, FA, Se, Biotin, B12",10×10 Alu-Alu
Nutraceuticals,Pre & Probiotics,Probiotic + FOS (Basic),Sachet,FOS 100mg + Probiotic 1.25 billion cells,10×10 Alu-Alu
Nutraceuticals,Pre & Probiotics,Probiotic + FOS + Zinc,Sachet,FOS 100mg + Probiotic 1.25 billion cells + Zinc 7.5mg,10×10 Alu-Alu
Nutraceuticals,Pre & Probiotics,L. Rhamnosus + S. Boulardii (10B spores),Sachet,Lacticaseibacillus rhamnosus 5B spores + Saccharomyces boulardii 5B spores,10×10 Alu-Alu
Nutraceuticals,Pre & Probiotics,Multi-Strain Probiotic + Zinc,Sachet,9 probiotic strains (2.15 billion total) + FOS 100mg + Zinc 10mg,10×10 Alu-Alu
Nutraceuticals,Pre & Probiotics,Sporulated Probiotic (Enterogermina-type),Sachet,Bacillus Mesentericus 1M + Clostridium Butyricum 2M + Lactic Acid Bacillus 50M + Streptococcus Faecalis 30M,10×10 Alu-Alu
Nutraceuticals,"Hair, Skin & Nails",Biotin 10mg + NAC + Selenium + Zinc,Tablet,Biotin 10mg + Cu 1.7mg + Ca Pantothenate 100mg + NAC 50mg + Se 40mcg + Zinc 10mg,10×10 Alu-Alu
Nutraceuticals,"Hair, Skin & Nails",Biotin + Amino Acids + Collagen + Soy Isoflavones,Tablet,Biotin 30mcg + 18 Amino Acids + Collagen + Grape Seed + Soy Isoflavones 50mg + Minerals,10×10 Alu-Alu
Nutraceuticals,"Hair, Skin & Nails",Comprehensive Hair Skin Nails Multivitamin,Tablet,"Biotin 25mcg + Hyaluronic Acid 5mg + Vit A, B-Complex, C, D2, E, K + Minerals",10×10 Alu-Alu
Nutraceuticals,"Hair, Skin & Nails",Biotin + L-Cysteine + L-Methionine + Zinc,Tablet,Biotin 30mcg + L-Cysteine 5mg + L-Lysine 20mg + L-Methionine 40mg + Mn 3.7mg + Zinc 11.8mg,10×10 Alu-Alu
Nutraceuticals,"Hair, Skin & Nails",Biotin + DHA Pediatric Drops,Liquid,"Biotin 0.5mcg + DHA 0.32mg + FA 9.38mcg + Vit A, B1, B2, B3, B6, B12, D, E, K",10×10 Alu-Alu
Nutraceuticals,"Hair, Skin & Nails",Resveratrol + NMN,Capsule,Resveratrol 200mg + Nicotinamide Mononucleotide 500mg,10×10 Alu-Alu
Nutraceuticals,"Hair, Skin & Nails",L-Glutathione 500mg + Vit C + NAC,Capsule,L-Glutathione 500mg + Vit C 50mg + NAC 400mg,10×10 Alu-Alu
Nutraceuticals,"Hair, Skin & Nails",L-Glutathione + ALA + Grape Seed,Capsule,L-Glutathione 500mg + ALA 50mg + Grape Seed 50mg + Vit C 10mg + Vit E 10mg,10×10 Alu-Alu
Nutraceuticals,"Hair, Skin & Nails",L-Glutathione + Vit C,Capsule,L-Glutathione 500mg + Vit C 50mg,10×10 Alu-Alu
Nutraceuticals,"Hair, Skin & Nails",Beta Sitosterol + Biotin + Nettle Leaf + Zinc,Tablet,Beta Sitosterol 10mg + Biotin 30mcg + FA 100mcg + Inositol 5mg + L-Lysine 10mg + Nettle Leaf 50mg + Mn 5mg + Zinc 12mg,10×10 Alu-Alu
Nutraceuticals,"Hair, Skin & Nails",BCAA Sachet (2:1.4:1.2),Sachet,B.C.A.A. ratio 2:1.4:1.2,10×10 Alu-Alu
Nutraceuticals,Muscle Health,Essential Amino Acids,Tablet,L-Leucine + L-Isoleucine + L-Lysine HCl + L-Phenylalanine,10×10 Alu-Alu
Nutraceuticals,Muscle Health,Amino Acid + Vitamin Complex,Tablet,"L-Isoleucine 5.9mg + L-Lysine 25mg + L-Phenylalanine 5mg + L-Threonine 4.2mg + L-Tryptophan 5mg + L-Valine 6.7mg + Biotin + Vit A, B1, B2, B6, B12, C, D3, E, FA, Niacinamide",10×10 Alu-Alu
Nutraceuticals,Muscle Health,Amino Acid + Herbal + Antioxidant Complex,Tablet,L-Carnitine + Garcinia + Ginseng + Green Coffee + Ginkgo + Grape Seed + Lycopene + 15 Vitamins & Minerals,10×10 Alu-Alu
Nutraceuticals,Women's Health,Berberine + Myo-Inositol + D-Chiro-Inositol,Capsule,Berberine 150mg + Cr Picolinate 100mcg + D-Chiro-Inositol 13.8mg + FA 0.1mg + Grape Seed 4.25mg + L-Arginine 200mg + Lycopene 8mg + Mg 55mg + Myo-Inositol 50mg + NAC 50mg + Vit B12 1mcg + Vit C 40mg + D3 2.5mcg,10×10 Alu-Alu
Nutraceuticals,Women's Health,Myo-Inositol + D-Chiro-Inositol + D3,Capsule,Cr 100mcg + D-Chiro-Inositol 13.8mg + Myo-Inositol 550mg + Vit D3 5mcg,10×10 Alu-Alu
Nutraceuticals,Women's Health,Berberine + Myo-Inositol + L-Methylfolate,Capsule,Berberine 277.25mg + Cr 201.5mcg + D-Chiro-Inositol 13.8mg + Grape Seed 4.25mg + L-Methylfolate 150mcg + Myo-Inositol 550mg + D3 5mcg,10×10 Alu-Alu
Nutraceuticals,UTIs Range,Cranberry 180mg + D-Mannose 300mg,Capsule,Cranberry 180mg + D-Mannose 300mg,10×10 Alu-Alu
Nutraceuticals,UTIs Range,Cranberry 300mg + D-Mannose 600mg,Capsule,Cranberry 300mg + D-Mannose 600mg,10×10 Alu-Alu
Nutraceuticals,UTIs Range,Cranberry + D-Mannose + K-Mg Citrate + B6,Capsule,Cranberry 200mg + D-Mannose 300mg + K-Mg Citrate 978mg + Vit B6 2mg,10×10 Alu-Alu
Nutraceuticals,UTIs Range,Cranberry + D-Mannose + Hibiscus + K-Mg Citrate,Capsule,Cranberry 200mg + D-Mannose 300mg + Hibiscus 100mg + K-Mg Citrate 978mg + Vit B6 2mg,10×10 Alu-Alu
